订单日期,区域,品类,渠道,数量,单价,销售额
2024-02-02,华北,服饰鞋包,网页,4,251.79,1057.52
2024-10-10,西南,服饰鞋包,小程序,2,222.13,644.18
2024-08-27,东北,手机数码,App,1,2473.7,3339.5
2024-06-09,华南,食品生鲜,网页,5,58.88,368.0
2024-06-07,东北,食品生鲜,App,5,69.44,434.0
2024-11-10,西南,食品生鲜,网页,1,66.89,100.34
2024-02-01,西南,手机数码,小程序,1,3053.76,3206.45
2024-09-12,华东,服饰鞋包,App,4,272.31,1524.94
2024-03-14,华南,服饰鞋包,App,1,251.71,276.88
2024-02-04,华北,手机数码,网页,4,3326.43,13971.01
2024-07-11,华南,家用电器,App,5,1815.75,11802.38
2024-12-23,华南,服饰鞋包,线下门店,4,283.53,1757.89
2024-09-26,东北,食品生鲜,网页,2,60.23,168.64
2024-10-05,东北,家用电器,网页,1,2196.55,3185.0
2024-09-19,华东,食品生鲜,App,4,57.84,323.9
2024-10-14,华南,服饰鞋包,网页,1,197.07,285.75
2024-07-06,华南,食品生鲜,线下门店,3,52.09,203.15
2024-02-16,华北,服饰鞋包,App,3,260.08,819.25
2024-11-03,华东,服饰鞋包,App,4,265.27,1591.62
2024-06-13,华东,服饰鞋包,App,2,266.81,667.02
2024-07-02,西南,图书文娱,App,4,49.83,259.12
2024-05-15,华北,服饰鞋包,网页,4,230.7,1107.36
2024-03-07,东北,服饰鞋包,小程序,2,281.44,619.17
2024-12-05,华北,服饰鞋包,小程序,2,286.52,888.21
2024-10-13,东北,食品生鲜,App,1,57.34,-99.0
2024-08-23,华北,手机数码,App,3,3043.47,12326.05
2024-05-27,西南,服饰鞋包,App,2,218.26,523.82
2024-10-28,华东,服饰鞋包,线下门店,1,248.82,360.79
2024-07-18,华南,图书文娱,小程序,3,51.45,200.66
2024-06-11,西南,服饰鞋包,App,3,313.17,1174.39
2024-06-13,东北,服饰鞋包,网页,1,272.17,340.21
2024-03-24,西南,图书文娱,App,1,40.49,44.54
2024-02-03,华东,服饰鞋包,App,1,283.7,297.88
2024-07-21,华北,手机数码,App,4,3584.23,18638.0
2024-11-20,华东,手机数码,线下门店,2,2931.54,8794.62
2024-01-24,华东,手机数码,网页,1,3722.48,3722.48
2024-11-10,华南,手机数码,小程序,1,2517.91,3776.86
2024-10-29,华南,服饰鞋包,App,5,196.4,1423.9
2024-04-11,西南,食品生鲜,App,2,48.69,111.99
2024-08-19,西南,食品生鲜,小程序,4,49.68,268.27
2024-03-01,华南,手机数码,App,3,3806.29,12560.76
2024-10-04,西南,服饰鞋包,线下门店,1,250.25,362.86
2024-09-13,华东,手机数码,网页,2,2839.89,7951.69
2024-05-09,华东,图书文娱,小程序,1,43.4,52.08
2024-01-25,华南,手机数码,网页,4,3031.75,12127.0
2024-12-21,西南,服饰鞋包,线下门店,2,234.19,725.99
2024-06-12,华东,家用电器,小程序,3,1474.11,5527.91
2024-11-22,华北,服饰鞋包,小程序,1,280.27,420.4
2024-09-05,华南,服饰鞋包,线下门店,5,212.76,1489.32
2024-10-11,华东,食品生鲜,App,2,68.26,197.95
2024-10-05,华北,家用电器,线下门店,3,1531.52,6662.11
2024-03-12,西南,图书文娱,App,5,50.21,276.16
2024-05-13,华南,服饰鞋包,小程序,4,299.73,1438.7
2024-06-19,华东,食品生鲜,网页,4,48.76,243.8
2024-07-01,西南,食品生鲜,小程序,5,47.6,309.4
2024-01-17,华北,图书文娱,小程序,1,55.12,55.12
2024-07-19,西南,家用电器,小程序,5,1766.74,11483.81
2024-02-26,华东,家用电器,App,3,1917.21,6039.21
2024-09-29,华南,家用电器,App,3,1370.93,5757.91
2024-09-06,华北,家用电器,App,2,1600.84,4482.35
2024-12-03,华东,服饰鞋包,小程序,4,260.7,1616.34
2024-09-29,西南,图书文娱,小程序,5,53.69,375.83
2024-05-14,华东,图书文娱,App,4,39.86,191.33
2024-12-20,华东,服饰鞋包,线下门店,1,295.77,458.44
2024-05-30,华北,服饰鞋包,App,3,281.09,1011.92
2024-04-29,华南,图书文娱,小程序,4,36.34,167.16
2024-11-27,西南,图书文娱,小程序,2,40.35,121.05
2024-05-15,东北,手机数码,App,4,2780.58,13346.78
2024-01-28,华东,服饰鞋包,网页,4,252.53,1010.12
2024-06-20,华北,食品生鲜,小程序,1,64.06,80.08
2024-10-18,华东,家用电器,App,3,1740.08,7569.35
2024-03-10,华南,服饰鞋包,线下门店,1,226.79,249.47
2024-06-18,,图书文娱,网页,3,49.41,185.29
2024-02-17,华南,图书文娱,网页,2,46.9,98.49
2024-09-08,华南,图书文娱,线下门店,5,45.43,318.01
2024-06-23,华北,食品生鲜,线下门店,5,61.63,385.19
2024-04-30,东北,家用电器,App,3,1549.71,5346.5
2024-03-24,华北,家用电器,小程序,3,1962.39,6475.89
2024-07-25,华东,服饰鞋包,小程序,4,245.38,1275.98
2024-09-02,华北,服饰鞋包,App,4,242.25,1356.6
2024-12-10,华东,服饰鞋包,App,4,214.47,1329.71
2024-06-08,华东,服饰鞋包,App,4,272.59,1362.95
2024-02-28,华东,服饰鞋包,网页,5,273.35,1435.09
2024-10-31,华北,食品生鲜,网页,5,55.21,400.27
2024-08-18,华南,家用电器,网页,1,2123.87,2867.22
2024-09-13,,家用电器,App,3,2110.91,8865.82
2024-02-05,华北,手机数码,App,3,2574.49,8109.64
2024-04-24,东北,手机数码,小程序,3,3512.06,12116.61
2024-10-08,华南,图书文娱,小程序,3,42.61,185.35
2024-10-31,华南,服饰鞋包,线下门店,4,324.96,1884.77
2024-06-08,华东,家用电器,线下门店,3,1552.52,5821.95
2024-10-21,西南,食品生鲜,线下门店,2,53.42,154.92
2024-11-04,华东,服饰鞋包,线下门店,3,252.47,1136.12
2024-05-21,华北,手机数码,线下门店,5,2829.94,16979.64
2024-11-24,东北,家用电器,小程序,2,1972.79,5918.37
2024-04-15,华南,手机数码,App,1,3169.45,3644.87
2024-03-28,华南,食品生鲜,App,5,51.63,283.97
2024-09-06,华南,家用电器,App,1,1805.74,2528.04
2024-08-21,华南,手机数码,App,4,3822.06,20639.12
2024-02-21,华东,手机数码,App,5,3667.83,19256.11
2024-10-31,华东,服饰鞋包,线下门店,2,259.85,753.56
2024-03-14,华北,手机数码,App,2,2861.59,6295.5
2024-10-21,华东,食品生鲜,线下门店,2,50.4,146.16
2024-01-03,西南,手机数码,网页,1,3805.41,3805.41
2024-10-18,华东,服饰鞋包,小程序,1,287.32,416.61
2024-10-15,华南,服饰鞋包,网页,1,269.38,390.6
2024-10-12,西南,服饰鞋包,App,3,309.33,1345.59
2024-08-31,西南,手机数码,小程序,3,2594.7,10508.54
2024-06-21,华北,食品生鲜,App,1,65.47,81.84
2024-09-15,华北,图书文娱,线下门店,5,38.63,270.41
2024-04-11,东北,手机数码,App,4,2592.92,11927.43
2024-10-12,华南,手机数码,App,1,3144.97,4560.21
2024-07-22,西南,图书文娱,网页,5,42.47,276.06
2024-06-16,东北,服饰鞋包,网页,1,317.35,396.69
2024-07-04,,手机数码,小程序,3,2918.37,11381.64
2024-07-27,华东,手机数码,小程序,3,3703.84,14444.98
2024-01-14,华南,食品生鲜,App,3,67.46,202.38
2024-02-21,华东,食品生鲜,网页,5,65.04,341.46
2024-03-30,华南,服饰鞋包,App,5,314.65,1730.58
2024-02-11,东北,图书文娱,App,2,42.93,90.15
2024-06-09,华北,服饰鞋包,App,3,245.66,921.22
2024-09-01,华北,家用电器,App,5,1494.85,10463.95
2024-08-27,华东,服饰鞋包,App,4,230.85,1246.59
2024-06-21,东北,家用电器,小程序,5,2141.8,13386.25
2024-11-08,华东,家用电器,App,3,1776.94,7996.23
2024-07-25,华东,手机数码,App,2,,7660.04
2024-01-29,华东,家用电器,小程序,3,1544.5,4633.5
2024-10-06,华东,食品生鲜,App,5,59.55,431.74
2024-07-29,华北,手机数码,网页,5,3546.66,23053.29
2024-08-20,华北,服饰鞋包,线下门店,4,232.27,1254.26
2024-07-25,华北,服饰鞋包,小程序,4,293.5,1526.2
2024-07-21,华东,服饰鞋包,线下门店,3,276.87,1079.79
2024-02-03,华东,食品生鲜,App,2,68.63,144.12
2024-07-23,华北,食品生鲜,App,3,52.53,204.87
2024-10-17,华东,食品生鲜,网页,3,63.93,278.1
2024-04-21,华南,手机数码,网页,5,2645.98,15214.38
2024-08-08,华东,服饰鞋包,网页,3,242.29,981.27
2024-01-12,华北,服饰鞋包,App,4,289.17,1156.68
2024-05-07,华北,家用电器,网页,1,1918.5,2302.2
2024-06-08,华北,手机数码,App,4,2700.58,13502.9
2024-12-25,,家用电器,App,3,,9869.67
2024-03-19,华东,服饰鞋包,App,5,201.94,1110.67
2024-04-11,西南,服饰鞋包,线下门店,3,272.38,939.71
2024-05-29,华东,手机数码,App,3,3974.11,14306.8
2024-12-29,华北,食品生鲜,网页,1,60.95,94.47
2024-11-08,华北,图书文娱,小程序,5,51.77,388.28
2024-01-13,华北,手机数码,网页,4,3352.29,13409.16
2024-03-26,华北,图书文娱,网页,5,51.37,282.53
2024-10-27,西南,手机数码,线下门店,1,3448.95,-99.0
2024-01-22,西南,图书文娱,App,2,49.3,98.6
2024-11-09,华东,图书文娱,App,5,38.88,291.6
2024-04-12,华北,手机数码,小程序,1,3586.91,4124.95
2024-12-01,华东,食品生鲜,App,3,52.14,242.45
2024-04-17,华北,图书文娱,App,3,55.81,192.54
2024-06-07,华南,图书文娱,App,5,38.88,243.0
2024-08-30,华东,图书文娱,App,5,39.08,263.79
2024-02-16,华北,服饰鞋包,App,5,306.63,1609.81
2024-07-22,东北,手机数码,App,2,2788.78,7250.83
2024-07-03,华东,食品生鲜,线下门店,3,55.83,217.74
2024-10-13,华北,服饰鞋包,App,4,287.9,1669.82
2024-12-30,华南,服饰鞋包,线下门店,5,215.64,1671.21
2024-08-31,华东,服饰鞋包,线下门店,1,215.68,291.17
2024-05-29,华东,服饰鞋包,App,5,258.23,1549.38
2024-05-28,华东,手机数码,网页,2,2789.91,6695.78
2024-06-01,东北,食品生鲜,小程序,1,52.07,65.09
2024-10-24,华东,手机数码,网页,4,2414.78,14005.72
2024-04-27,华东,食品生鲜,App,4,56.11,258.11
2024-03-02,华东,食品生鲜,App,1,54.55,60.0
2024-05-02,华东,服饰鞋包,App,1,199.05,238.86
2024-01-09,华南,服饰鞋包,小程序,5,275.76,1378.8
2024-02-08,,家用电器,线下门店,5,1913.99,10048.45
2024-02-02,华南,图书文娱,网页,1,35.34,37.11
2024-10-09,华南,食品生鲜,网页,5,54.51,395.2
2024-09-21,西南,家用电器,线下门店,5,2135.52,14948.64
2024-09-12,华东,手机数码,网页,5,3331.47,23320.29
2024-06-18,西南,手机数码,App,2,3059.16,7647.9
2024-09-19,华南,服饰鞋包,线下门店,3,255.46,1072.93
2024-02-29,华东,图书文娱,App,5,38.44,201.81
2024-11-25,西南,食品生鲜,App,5,69.36,520.2
2024-07-02,西南,手机数码,小程序,4,3862.41,20084.53
2024-12-09,华东,图书文娱,线下门店,1,54.24,84.07
2024-02-25,东北,家用电器,App,1,,1629.12
2024-07-01,华北,图书文娱,小程序,2,40.74,105.92
2024-09-11,华南,家用电器,App,1,1494.56,2092.38
2024-06-30,东北,服饰鞋包,App,1,234.94,293.68
2024-06-12,,图书文娱,App,1,41.24,51.55
2024-03-01,西南,家用电器,网页,4,1919.8,8447.12
2024-05-19,华北,食品生鲜,线下门店,3,50.69,182.48
2024-03-28,西南,图书文娱,App,3,54.44,179.65
2024-04-20,华南,手机数码,App,5,2564.96,14748.52
2024-09-07,华东,手机数码,App,3,2411.0,10126.2
2024-08-18,华北,食品生鲜,App,3,70.65,286.13
2024-08-10,华北,家用电器,小程序,2,1983.39,5355.15
2024-05-12,华东,手机数码,网页,3,2968.58,10686.89
2024-12-17,华东,服饰鞋包,小程序,1,272.41,422.24
2024-02-02,华北,食品生鲜,App,3,51.71,162.89
2024-05-05,华东,家用电器,小程序,5,1501.55,9009.3
2024-02-13,华东,家用电器,App,3,1774.03,5588.19
2024-05-04,华南,食品生鲜,App,2,55.6,133.44
2024-12-18,华南,服饰鞋包,线下门店,4,274.98,1704.88
2024-05-14,华南,食品生鲜,网页,5,51.54,309.24
2024-11-28,华北,服饰鞋包,线下门店,3,281.18,1265.31
2024-06-30,西南,图书文娱,线下门店,2,51.0,127.5
2024-09-13,华南,食品生鲜,小程序,4,50.0,280.0
2024-06-16,华东,手机数码,线下门店,1,2470.17,3087.71
2024-04-07,华东,图书文娱,小程序,5,43.64,250.93
2024-10-06,华南,服饰鞋包,App,2,295.62,857.3
2024-12-20,华东,手机数码,App,2,3441.25,10667.88
2024-04-06,华北,手机数码,App,4,3523.01,16205.85
2024-10-12,东北,食品生鲜,App,1,57.09,82.78
2024-04-05,华东,手机数码,App,2,2775.91,6384.59
2024-09-19,华东,家用电器,网页,1,1828.6,2560.04
2024-10-15,东北,手机数码,网页,2,2726.99,7908.27
2024-06-13,华南,服饰鞋包,小程序,3,289.41,1085.29
2024-09-26,华东,服饰鞋包,App,1,220.61,308.85
2024-04-09,西南,服饰鞋包,网页,2,232.86,535.58
2024-01-30,西南,家用电器,App,4,1805.89,7223.56
2024-02-05,华南,手机数码,App,5,3178.74,16688.38
2024-06-12,华南,服饰鞋包,App,1,273.11,341.39
2024-11-26,华东,家用电器,App,4,1743.7,10462.2
2024-02-16,华东,食品生鲜,App,1,72.58,76.21
2024-06-15,华南,手机数码,网页,3,3743.89,14039.59
2024-09-14,华东,手机数码,网页,5,3806.58,26646.06
2024-03-15,华南,家用电器,网页,4,1916.56,8432.86
2024-09-21,西南,服饰鞋包,App,2,277.55,777.14
2024-04-21,华东,家用电器,网页,2,1898.28,4366.04
2024-10-22,华南,食品生鲜,网页,4,58.05,336.69
2024-07-30,华东,家用电器,App,5,1639.9,10659.35
2024-07-19,西南,服饰鞋包,小程序,2,271.96,707.1
2024-03-05,华东,服饰鞋包,小程序,1,198.32,218.15
2024-06-18,华南,手机数码,小程序,3,2411.93,9044.74
2024-11-09,华南,服饰鞋包,App,4,305.71,1834.26
2024-01-08,华北,家用电器,小程序,3,1391.78,4175.34
2024-10-04,华南,服饰鞋包,App,5,263.22,1908.34
2024-06-29,华南,手机数码,App,5,3383.98,21149.88
2024-09-20,华南,食品生鲜,App,4,50.95,285.32
2024-08-30,华南,图书文娱,线下门店,1,53.9,72.76
2024-06-07,东北,手机数码,App,5,2704.15,16900.94
2024-04-22,华北,服饰鞋包,App,4,309.99,1425.95
2024-08-17,华北,食品生鲜,App,2,67.89,183.3
2024-02-21,华东,家用电器,线下门店,3,1566.67,4935.01
2024-08-01,西南,食品生鲜,小程序,5,49.52,334.26
2024-02-04,华南,服饰鞋包,线下门店,5,236.11,1239.58
2024-08-25,华北,图书文娱,App,3,42.7,172.94
2024-08-18,华东,图书文娱,App,1,39.28,53.03
2024-01-31,西南,手机数码,小程序,4,3998.23,15992.92
2024-10-04,华北,服饰鞋包,App,4,224.85,1304.13
2024-06-01,华南,服饰鞋包,网页,1,302.98,378.72
2024-10-15,华东,手机数码,线下门店,5,2654.59,19245.78
2024-01-16,东北,家用电器,小程序,2,2232.22,4464.44
2024-03-06,华东,图书文娱,线下门店,5,38.82,213.51
2024-06-29,华东,手机数码,小程序,3,3074.7,11530.12
2024-03-09,西南,服饰鞋包,App,2,267.61,588.74
2024-04-30,东北,食品生鲜,小程序,1,48.61,55.9
2024-08-29,华东,家用电器,App,1,2085.14,2814.94
2024-02-22,华北,服饰鞋包,网页,4,230.71,968.98
2024-09-05,华南,图书文娱,App,2,46.11,129.11
2024-02-07,西南,服饰鞋包,App,5,266.45,1398.86
2024-03-05,华北,手机数码,小程序,2,3364.23,7401.31
2024-08-03,华北,手机数码,App,5,2488.78,16799.27
2024-10-17,华南,图书文娱,App,5,37.54,272.16
2024-03-03,华南,家用电器,网页,1,1495.07,1644.58
2024-04-19,西南,服饰鞋包,App,4,234.27,1077.64
2024-12-04,华南,手机数码,小程序,5,2631.86,20396.92
2024-12-28,华东,服饰鞋包,App,2,314.85,976.04
2024-07-31,东北,图书文娱,App,1,45.29,58.88
2024-06-12,西南,服饰鞋包,App,5,276.06,1725.38
2024-05-06,西南,图书文娱,网页,3,41.79,150.44
2024-08-12,华东,家用电器,线下门店,1,1598.62,2158.14
2024-08-04,华东,服饰鞋包,App,5,260.41,1757.77
2024-04-17,华南,图书文娱,线下门店,4,40.37,185.7
2024-01-09,华东,服饰鞋包,小程序,1,239.67,239.67
2024-02-25,东北,家用电器,小程序,2,1757.48,3690.71
2024-12-16,华北,图书文娱,网页,1,45.13,69.95
2024-06-02,华南,家用电器,网页,5,2235.88,13974.25
2024-06-25,西南,服饰鞋包,网页,1,224.03,280.04
2024-06-19,华北,图书文娱,小程序,4,44.73,223.65
2024-10-13,华北,手机数码,小程序,3,2639.22,11480.61
2024-01-24,华南,家用电器,App,3,1665.0,4995.0
2024-01-31,华南,手机数码,App,5,3547.7,17738.5
2024-04-10,华北,家用电器,网页,5,1507.02,8665.36
2024-06-27,华南,手机数码,App,1,3330.16,4162.7
2024-09-02,东北,食品生鲜,App,1,57.5,80.5
2024-06-28,华北,手机数码,App,1,2482.53,3103.16
2024-06-10,华东,食品生鲜,App,4,72.99,364.95
2024-12-09,华北,家用电器,小程序,3,1722.24,8008.42
2024-02-28,华北,家用电器,小程序,1,2055.53,2158.31
2024-07-28,华东,家用电器,小程序,2,1724.68,4484.17
2024-07-17,华东,食品生鲜,App,3,73.12,285.17
2024-06-22,华南,服饰鞋包,小程序,4,232.76,1163.8
2024-10-22,华北,家用电器,App,2,1721.01,4990.93
2024-04-07,东北,图书文娱,网页,5,50.82,292.21
2024-12-15,华东,服饰鞋包,小程序,5,239.68,1857.52
2024-05-01,华东,手机数码,小程序,4,2982.97,14318.26
2024-07-18,华南,图书文娱,小程序,3,56.13,218.91
2024-07-09,西南,家用电器,线下门店,5,1850.05,12025.32
2024-11-07,华东,手机数码,网页,4,3503.01,21018.06
2024-06-09,华东,服饰鞋包,小程序,3,278.65,1044.94
2024-04-14,华东,手机数码,小程序,3,3724.68,12850.15
2024-01-08,华南,家用电器,App,5,2125.64,10628.2
2024-05-13,华北,食品生鲜,线下门店,3,61.9,222.84
2024-10-29,华东,手机数码,App,1,2871.29,4163.37
2024-01-04,华东,食品生鲜,App,5,45.68,228.4
2024-11-23,华北,图书文娱,线下门店,1,47.57,71.36
2024-07-17,东北,服饰鞋包,网页,4,302.31,1572.01
2024-02-21,华南,食品生鲜,App,4,58.52,245.78
2024-04-20,华北,食品生鲜,App,3,49.94,172.29
2024-07-21,华东,图书文娱,App,1,40.23,52.3
2024-04-25,华东,家用电器,小程序,3,1808.99,6241.02
2024-02-09,华东,手机数码,App,5,3738.69,19628.12
2024-08-31,西南,服饰鞋包,线下门店,2,217.33,-99.0
2024-09-03,西南,服饰鞋包,线下门店,4,274.58,1537.65
2024-02-13,东北,手机数码,小程序,5,3605.39,18928.3
2024-04-12,东北,服饰鞋包,小程序,5,316.69,1820.97
2024-03-30,东北,手机数码,App,3,2586.73,8536.21
2024-08-29,东北,图书文娱,App,2,54.59,147.39
2024-09-24,华东,家用电器,网页,4,1891.32,10591.39
2024-09-23,华东,手机数码,App,3,3626.72,15232.22
2024-12-09,华北,手机数码,App,4,2486.04,15413.45
2024-10-08,华南,家用电器,App,4,1805.53,10472.07
2024-04-27,华东,家用电器,App,4,1910.37,8787.7
2024-02-09,西南,手机数码,小程序,2,2890.93,6070.95
2024-08-12,华南,家用电器,网页,4,1738.49,9387.85
2024-12-01,华南,手机数码,网页,3,3286.88,15283.99
2024-12-22,华东,家用电器,小程序,5,1847.29,14316.5
2024-03-25,华东,家用电器,网页,4,1387.68,6105.79
2024-03-27,华东,家用电器,小程序,5,1745.53,9600.42
2024-01-14,西南,家用电器,网页,5,1542.44,7712.2
2024-02-21,华南,手机数码,小程序,5,3866.71,20300.23
2024-07-22,华南,手机数码,App,4,3962.53,20605.16
2024-07-19,华东,手机数码,线下门店,3,2879.44,-99.0
2024-05-15,华北,食品生鲜,App,1,50.26,60.31
2024-04-23,华北,图书文娱,App,2,38.69,88.99
2024-10-30,西南,图书文娱,App,3,44.5,193.58
2024-06-17,西南,服饰鞋包,App,4,308.69,1543.45
2024-10-22,华东,服饰鞋包,App,3,260.0,1131.0
2024-12-18,东北,家用电器,小程序,3,1399.85,6509.3
2024-04-26,华东,食品生鲜,线下门店,1,46.2,53.13
2024-03-15,西南,食品生鲜,App,4,51.82,228.01
2024-12-14,华东,食品生鲜,小程序,3,70.28,326.8
2024-08-20,华东,图书文娱,App,1,47.73,64.44
2024-04-16,西南,服饰鞋包,网页,2,268.18,616.81
2024-08-15,华东,食品生鲜,App,5,54.57,368.35
2024-07-07,华北,食品生鲜,App,1,72.88,94.74
2024-11-27,华北,家用电器,小程序,3,1648.06,7416.27
2024-04-03,华东,图书文娱,网页,3,52.54,181.26
2024-12-28,华南,手机数码,网页,1,3833.45,5941.85
2024-12-08,西南,图书文娱,小程序,1,44.63,69.18
2024-03-07,西南,食品生鲜,网页,5,71.83,395.06
2024-03-01,华北,手机数码,App,3,2842.89,9381.54
2024-07-14,华南,食品生鲜,App,2,64.75,168.35
2024-01-17,华东,手机数码,App,1,2540.74,2540.74
2024-04-19,华东,食品生鲜,App,3,59.22,204.31
2024-06-08,华东,食品生鲜,App,4,51.52,257.6
2024-12-20,东北,服饰鞋包,小程序,4,203.16,1259.59
2024-12-29,西南,图书文娱,App,1,33.83,52.44
2024-02-25,西南,手机数码,小程序,4,2919.6,12262.32
2024-11-22,华北,家用电器,小程序,5,1880.58,14104.35
2024-02-03,华北,服饰鞋包,网页,2,254.18,533.78
2024-09-30,华南,手机数码,网页,1,2882.83,4035.96
2024-11-05,华南,服饰鞋包,App,5,323.86,2428.95
2024-11-22,华北,家用电器,App,3,2195.57,9880.07
2024-03-22,华东,家用电器,小程序,4,1463.09,6437.6
2024-11-23,华东,服饰鞋包,小程序,2,248.96,746.88
2024-02-12,东北,图书文娱,App,2,48.35,101.54
2024-07-08,华北,家用电器,App,2,2010.14,5226.36
2024-06-20,东北,图书文娱,网页,2,41.99,104.98
2024-04-25,华东,服饰鞋包,小程序,3,292.02,1007.47
2024-01-09,华南,家用电器,App,1,1461.74,1461.74
2024-10-09,华东,服饰鞋包,小程序,5,238.14,1726.51
2024-05-02,华东,服饰鞋包,线下门店,3,288.14,1037.3
2024-08-30,华东,家用电器,App,5,1913.11,12913.49
2024-05-30,华东,服饰鞋包,线下门店,3,303.84,1093.82
2024-05-16,东北,手机数码,App,2,2474.97,5939.93
2024-11-20,华北,家用电器,小程序,3,1506.95,6781.28
2024-02-04,华南,服饰鞋包,小程序,1,201.3,211.36
2024-09-26,华北,服饰鞋包,App,5,219.97,1539.79
2024-09-30,华北,食品生鲜,线下门店,4,45.13,252.73
2024-05-19,华南,家用电器,小程序,1,1803.79,2164.55
2024-04-06,华东,图书文娱,线下门店,3,45.64,157.46
2024-01-02,东北,食品生鲜,App,3,64.74,194.22
2024-12-08,西南,图书文娱,线下门店,2,42.41,131.47
2024-12-12,华南,食品生鲜,线下门店,1,45.1,69.9
2024-03-29,华北,手机数码,小程序,4,3478.23,15304.21
2024-01-12,华东,服饰鞋包,App,2,202.06,404.12
2024-02-14,东北,手机数码,网页,3,3785.87,11925.49
2024-01-25,华北,食品生鲜,小程序,2,45.68,91.36
2024-10-31,华东,服饰鞋包,线下门店,4,263.96,1530.97
2024-11-22,华北,家用电器,小程序,1,2155.43,3233.14
2024-02-26,西南,图书文娱,App,2,46.63,97.92
2024-09-30,华南,手机数码,App,3,3373.47,14168.57
2024-03-06,华南,服饰鞋包,网页,3,283.61,935.91
2024-05-14,西南,食品生鲜,线下门店,4,48.67,233.62
2024-08-07,华东,手机数码,App,1,3479.88,4697.84
2024-09-20,东北,服饰鞋包,网页,3,309.45,1299.69
2024-11-16,华北,食品生鲜,线下门店,4,74.23,445.38
2024-01-17,华南,手机数码,App,2,3108.88,6217.76
2024-03-12,华东,服饰鞋包,App,1,239.79,263.77
2024-04-12,东北,家用电器,网页,5,2027.98,11660.88
2024-04-23,华东,食品生鲜,小程序,4,61.29,281.93
2024-12-31,华东,手机数码,App,4,2811.69,17432.48
2024-10-11,华北,图书文娱,网页,4,37.62,218.2
2024-04-27,华东,图书文娱,小程序,4,37.58,172.87
2024-12-21,华东,手机数码,线下门店,4,3134.68,19435.02
2024-07-01,华南,家用电器,线下门店,3,1503.11,5862.13
2024-07-02,华北,服饰鞋包,网页,1,197.56,256.83
2024-06-07,东北,食品生鲜,小程序,3,46.56,174.6
2024-02-22,华北,服饰鞋包,App,2,315.88,663.35
2024-12-07,华南,手机数码,小程序,4,2516.74,15603.79
2024-01-06,华北,手机数码,App,3,2517.09,7551.27
2024-03-04,华南,图书文娱,网页,5,43.9,241.45
2024-03-25,华南,服饰鞋包,App,3,226.86,748.64
2024-04-12,华北,图书文娱,小程序,3,55.41,191.16
2024-02-18,东北,服饰鞋包,App,5,313.43,1645.51
2024-01-07,华北,图书文娱,App,3,42.86,128.58
2024-09-05,华东,手机数码,App,2,3117.97,8730.32
2024-12-20,华南,手机数码,小程序,2,3000.18,9300.56
2024-02-14,西南,图书文娱,网页,5,34.6,181.65
2024-04-18,华东,图书文娱,App,4,40.34,185.56
2024-07-04,华北,家用电器,线下门店,1,1460.41,1898.53
2024-12-05,西南,家用电器,线下门店,3,1442.13,6705.9
2024-09-11,华南,服饰鞋包,App,2,267.91,750.15
2024-10-07,东北,服饰鞋包,网页,4,207.84,1205.47
2024-07-31,华南,手机数码,小程序,1,2564.69,3334.1
2024-06-01,华南,图书文娱,App,4,44.56,222.8
2024-03-14,华北,家用电器,小程序,4,1748.05,7691.42
2024-11-12,东北,食品生鲜,App,2,49.13,147.39
2024-10-21,华北,手机数码,线下门店,1,2407.12,3490.32
2024-01-10,华南,手机数码,线下门店,4,2708.76,10835.04
2024-09-18,华北,食品生鲜,网页,2,52.08,145.82
2024-01-31,华南,家用电器,小程序,5,2070.22,10351.1
2024-09-27,华南,食品生鲜,小程序,4,72.46,405.78
2024-10-29,华北,手机数码,线下门店,5,3049.51,22108.95
2024-02-17,东北,图书文娱,App,3,42.86,135.01
2024-06-07,华北,食品生鲜,App,5,66.37,414.81
2024-02-15,华南,图书文娱,小程序,1,47.86,50.25
2024-07-26,华北,手机数码,App,2,2694.62,7006.01
2024-12-05,华北,家用电器,App,1,1446.92,2242.73
2024-01-30,华北,家用电器,App,4,1743.85,6975.4
2024-05-25,华东,服饰鞋包,小程序,3,268.43,966.35
2024-12-22,华东,家用电器,App,2,1474.84,4572.0
2024-04-20,华南,手机数码,App,2,2869.24,6599.25
2024-02-18,华南,家用电器,App,4,1625.35,6826.47
2024-06-27,华南,家用电器,App,1,1585.17,1981.46
2024-07-05,华东,家用电器,线下门店,3,1764.69,6882.29
2024-08-30,华北,手机数码,App,4,3444.9,18602.46
2024-04-24,华东,家用电器,网页,2,1808.45,4159.43
2024-12-15,西南,服饰鞋包,网页,2,221.19,685.69
2024-07-09,西南,家用电器,App,2,1442.65,3750.89
2024-04-14,华东,家用电器,网页,3,2089.68,7209.4
2024-12-17,华南,服饰鞋包,网页,2,257.31,797.66
2024-12-04,华东,食品生鲜,小程序,2,46.86,145.27
2024-07-01,,家用电器,App,3,1582.31,6171.01
2024-01-10,华东,服饰鞋包,App,1,299.52,299.52
2024-08-06,华东,图书文娱,线下门店,3,50.66,205.17
2024-07-22,华南,服饰鞋包,网页,1,308.86,401.52
2024-02-24,东北,图书文娱,线下门店,1,47.3,49.66
2024-08-20,华东,食品生鲜,线下门店,2,57.69,155.76
2024-11-03,华南,手机数码,App,2,3082.62,9247.86
2024-02-08,华南,服饰鞋包,网页,1,220.22,231.23
2024-09-21,东北,食品生鲜,小程序,5,64.52,451.64
2024-02-21,华南,图书文娱,网页,2,46.91,98.51
2024-10-01,,服饰鞋包,App,5,215.13,1559.69
2024-06-02,华南,手机数码,App,5,3817.06,23856.62
2024-01-03,华北,服饰鞋包,网页,5,242.9,1214.5
2024-12-19,东北,手机数码,网页,5,2479.58,19216.74
2024-03-01,华北,食品生鲜,小程序,1,54.84,60.32
2024-08-06,华南,服饰鞋包,App,2,308.08,831.82
2024-03-07,华东,食品生鲜,App,4,72.51,319.04
2024-12-07,华北,图书文娱,线下门店,3,44.78,208.23
2024-09-27,西南,服饰鞋包,小程序,1,319.32,447.05
2024-10-21,华南,服饰鞋包,小程序,3,308.78,1343.19
2024-06-07,华北,食品生鲜,小程序,5,69.76,436.0
2024-06-20,东北,食品生鲜,小程序,5,70.79,442.44
2024-08-20,西南,图书文娱,小程序,2,42.34,114.32
2024-10-14,华北,手机数码,小程序,2,3610.35,10470.02
2024-11-05,华南,服饰鞋包,网页,2,270.05,810.15
2024-01-07,华北,手机数码,线下门店,2,3551.49,7102.98
2024-08-30,华南,图书文娱,线下门店,2,37.75,101.93
2024-02-09,华北,服饰鞋包,小程序,2,290.08,609.17
2024-04-15,华东,服饰鞋包,小程序,3,319.49,1102.24
2024-10-30,东北,手机数码,网页,1,2884.26,4182.18
2024-04-01,东北,家用电器,网页,2,2237.55,5146.36
2024-10-18,西南,食品生鲜,小程序,2,56.35,163.42
2024-06-18,东北,手机数码,网页,1,2719.56,3399.45
2024-03-26,华南,手机数码,网页,5,2579.66,14188.13
2024-05-02,西南,图书文娱,网页,4,51.41,246.77
2024-07-13,西南,食品生鲜,网页,5,61.64,400.66
2024-10-07,华北,手机数码,App,3,2891.41,12577.63
2024-08-09,华北,家用电器,小程序,1,1897.61,2561.77
2024-12-07,华东,图书文娱,小程序,5,41.22,319.46
2024-11-13,华南,食品生鲜,App,3,58.45,263.03
2024-10-02,华东,服饰鞋包,线下门店,4,307.15,1781.47
2024-08-08,华东,家用电器,小程序,2,1951.35,5268.64
2024-04-16,华南,家用电器,App,3,2036.16,7024.75
2024-05-31,华北,手机数码,网页,3,3333.59,12000.92
2024-02-13,华东,食品生鲜,网页,2,74.74,156.95
2024-05-16,西南,手机数码,网页,3,2786.26,10030.54
2024-12-05,西南,手机数码,App,4,2819.67,17481.95
2024-06-04,华东,食品生鲜,线下门店,1,47.78,59.72
2024-02-11,华东,图书文娱,小程序,1,46.22,48.53
2024-08-26,华北,食品生鲜,小程序,5,63.4,427.95
2024-12-18,西南,服饰鞋包,App,3,289.38,1345.62
2024-11-13,西南,服饰鞋包,小程序,5,238.61,1789.58
2024-04-10,华东,服饰鞋包,网页,4,196.59,904.31
2024-06-15,西南,家用电器,小程序,4,1919.01,9595.05
2024-07-13,华东,服饰鞋包,小程序,5,324.83,2111.4
2024-03-31,华北,服饰鞋包,网页,4,233.29,1026.48
2024-04-08,东北,服饰鞋包,网页,2,218.91,503.49
2024-03-27,华东,图书文娱,App,3,40.09,132.3
2024-12-30,华东,图书文娱,线下门店,2,43.32,134.29
2024-09-30,华北,手机数码,网页,2,2801.46,7844.09
2024-11-03,华南,家用电器,线下门店,4,1662.26,9973.56
2024-10-25,东北,手机数码,线下门店,1,3421.13,4960.64
2024-12-17,东北,家用电器,线下门店,4,1660.53,10295.29
2024-02-08,华东,家用电器,网页,3,1706.45,5375.32
2024-11-18,华东,手机数码,小程序,2,2464.05,7392.15
2024-01-25,西南,食品生鲜,App,1,72.54,72.54
2024-06-23,华东,服饰鞋包,小程序,4,247.9,1239.5
2024-08-05,西南,图书文娱,网页,5,41.13,277.63
2024-05-10,华南,手机数码,小程序,4,2538.37,12184.18
2024-02-23,华东,手机数码,线下门店,3,3414.69,10756.27
2024-03-11,西南,服饰鞋包,App,4,307.3,1352.12
2024-10-28,华东,手机数码,App,3,2465.85,10726.45
2024-04-26,华北,家用电器,小程序,2,1480.75,3405.72
2024-04-23,华南,图书文娱,小程序,2,37.04,85.19
2024-12-03,华北,手机数码,App,2,3363.64,10427.28
2024-02-22,华南,手机数码,App,5,3873.97,20338.34
2024-11-30,华南,服饰鞋包,网页,4,251.91,1511.46
2024-12-03,东北,服饰鞋包,小程序,1,239.69,371.52
2024-08-07,东北,服饰鞋包,App,5,294.56,1988.28
2024-03-01,华北,家用电器,App,1,2018.31,2220.14
2024-02-27,华东,食品生鲜,小程序,3,52.4,165.06
2024-04-14,华南,手机数码,App,1,2657.32,3055.92
2024-07-30,东北,服饰鞋包,网页,2,241.52,627.95
2024-02-26,华北,食品生鲜,网页,4,68.27,286.73
2024-06-15,,图书文娱,App,5,49.39,308.69
2024-02-12,华北,家用电器,小程序,5,1949.27,10233.67
2024-07-16,华东,服饰鞋包,App,5,302.83,1968.4
2024-01-08,华南,手机数码,App,2,2843.41,5686.82
2024-09-16,华北,手机数码,线下门店,1,2943.49,4120.89
2024-01-21,西南,手机数码,小程序,5,2467.74,12338.7
2024-03-12,西南,食品生鲜,线下门店,5,71.06,390.83
2024-03-04,西南,家用电器,App,2,1874.19,4123.22
2024-10-31,华北,食品生鲜,App,1,53.94,78.21
2024-01-20,华北,手机数码,小程序,4,2511.07,10044.28
2024-06-06,华南,图书文娱,小程序,1,50.03,62.54
2024-08-04,西南,食品生鲜,线下门店,1,67.46,91.07
2024-07-07,华北,手机数码,App,5,3465.89,22528.29
2024-09-06,西南,手机数码,线下门店,3,2726.05,11449.41
2024-10-20,华东,手机数码,线下门店,1,3861.15,5598.67
2024-05-24,西南,图书文娱,小程序,4,50.7,243.36
2024-10-30,华东,家用电器,App,2,1941.98,5631.74
2024-04-26,华东,服饰鞋包,小程序,3,279.62,964.69
2024-12-26,华南,服饰鞋包,App,5,312.57,2422.42
2024-07-03,华东,食品生鲜,网页,2,72.85,189.41
2024-09-26,华东,服饰鞋包,小程序,4,272.43,1525.61
2024-11-16,华东,服饰鞋包,线下门店,5,249.17,1868.78
2024-10-17,华北,图书文娱,小程序,3,41.93,182.4
2024-11-07,西南,手机数码,小程序,5,3710.53,27828.98
2024-07-15,华东,食品生鲜,网页,3,64.34,250.93
2024-01-16,华南,手机数码,小程序,3,2523.63,7570.89
2024-06-29,西南,服饰鞋包,线下门店,5,213.48,1334.25
2024-03-07,华东,图书文娱,App,4,54.0,237.6
2024-11-21,华东,食品生鲜,线下门店,5,71.53,536.47
2024-03-27,西南,食品生鲜,网页,4,73.55,323.62
2024-03-24,西南,家用电器,线下门店,4,1735.07,7634.31
2024-04-01,华南,服饰鞋包,小程序,2,296.93,682.94
2024-08-23,西南,家用电器,网页,2,2095.4,5657.58
2024-07-28,华东,服饰鞋包,App,5,236.04,1534.26
2024-12-13,华北,服饰鞋包,网页,4,213.89,1326.12
2024-06-01,华南,家用电器,App,2,2247.32,5618.3
2024-04-13,华东,家用电器,App,2,1377.2,3167.56
2024-01-19,华南,家用电器,小程序,4,1887.6,7550.4
2024-01-03,华北,家用电器,App,1,1935.19,1935.19
2024-05-16,华南,手机数码,App,1,3490.86,4189.03
2024-12-04,华北,图书文娱,网页,4,39.5,244.9
2024-07-10,华北,服饰鞋包,App,2,288.81,750.91
2024-11-23,华东,手机数码,网页,4,2746.24,16477.44
2024-02-07,华东,食品生鲜,App,3,69.87,220.09
2024-02-04,华南,食品生鲜,网页,5,51.57,270.74
2024-11-01,华东,家用电器,网页,3,1977.04,8896.68
2024-02-09,华东,手机数码,小程序,5,3653.46,19180.66
2024-01-20,华东,手机数码,网页,5,2702.31,13511.55
2024-05-27,华东,手机数码,线下门店,2,2780.78,6673.87
2024-12-04,西南,食品生鲜,网页,5,68.37,529.87
2024-09-09,华北,图书文娱,App,4,35.68,199.81
2024-02-06,东北,手机数码,小程序,1,2705.22,2840.48
2024-11-02,华东,食品生鲜,网页,1,58.67,88.0
2024-11-04,华南,手机数码,App,2,3888.29,11664.87
2024-10-20,华北,服饰鞋包,网页,1,268.04,388.66
2024-11-26,,食品生鲜,App,2,56.63,169.89
2024-03-28,西南,家用电器,网页,5,2230.53,12267.92
2024-12-24,东北,手机数码,App,3,3141.94,14610.02
2024-04-27,西南,服饰鞋包,App,1,251.39,289.1
2024-10-20,华东,图书文娱,线下门店,3,43.01,187.09
2024-07-31,华东,家用电器,线下门店,2,1630.96,4240.5
2024-10-12,,手机数码,线下门店,5,2921.11,21178.05
2024-08-17,华东,手机数码,线下门店,1,3500.54,4725.73
2024-08-23,华南,服饰鞋包,小程序,4,200.31,1081.67
2024-08-13,华南,服饰鞋包,App,3,283.64,1148.74
2024-10-12,华南,食品生鲜,App,1,51.04,74.01
2024-09-27,西南,食品生鲜,小程序,4,56.53,316.57
2024-02-19,,图书文娱,App,3,37.05,116.71
2024-10-29,华东,食品生鲜,线下门店,4,61.58,357.16
2024-07-15,华东,家用电器,App,4,2006.42,10433.38
2024-04-28,华南,服饰鞋包,App,4,241.11,1109.11
2024-07-07,华北,家用电器,App,3,1497.07,5838.57
2024-12-19,华东,家用电器,App,1,1553.86,2408.48
2024-11-09,华北,图书文娱,App,1,52.16,78.24
2024-11-01,华南,食品生鲜,网页,3,53.03,238.64
2024-06-18,西南,图书文娱,App,2,51.18,127.95
2024-10-13,华南,服饰鞋包,小程序,4,238.06,1380.75
2024-05-20,华北,服饰鞋包,线下门店,3,219.54,790.34
2024-09-08,华东,服饰鞋包,小程序,5,289.55,2026.85
2024-08-22,华南,手机数码,网页,1,3149.67,4252.05
2024-04-01,华北,家用电器,App,2,1378.15,3169.74
2024-04-07,华南,服饰鞋包,App,4,319.79,1471.03
2024-01-23,华南,手机数码,App,1,2636.41,2636.41
2024-02-21,华东,图书文娱,线下门店,2,41.7,87.57
2024-06-07,华东,手机数码,小程序,4,3015.67,15078.35
2024-06-23,华东,手机数码,App,3,3183.09,11936.59
2024-03-01,西南,食品生鲜,小程序,4,68.56,301.66
2024-06-01,华南,手机数码,网页,3,2409.74,9036.52
2024-08-09,华东,图书文娱,网页,5,54.73,369.43
2024-03-26,西南,食品生鲜,小程序,5,64.38,354.09
2024-05-03,华北,手机数码,线下门店,5,3921.04,23526.24
2024-05-14,华北,食品生鲜,网页,1,69.52,83.42
2024-07-03,东北,服饰鞋包,小程序,3,315.62,1230.92
2024-05-14,华东,食品生鲜,App,1,63.03,75.64
2024-09-26,华东,食品生鲜,App,2,55.72,156.02
2024-04-29,华南,食品生鲜,线下门店,2,58.29,134.07
2024-06-07,华东,服饰鞋包,小程序,4,280.54,1402.7
2024-05-18,华南,家用电器,小程序,3,1734.24,6243.26
2024-03-07,华东,食品生鲜,小程序,5,66.95,368.22
2024-09-07,华东,图书文娱,App,2,35.82,100.3
2024-03-27,华东,服饰鞋包,网页,4,302.9,1332.76
2024-04-18,华北,食品生鲜,App,4,51.13,235.2
2024-10-17,华东,服饰鞋包,网页,5,317.71,2303.4
2024-12-13,华东,食品生鲜,小程序,2,49.67,153.98
2024-09-02,西南,图书文娱,App,4,36.66,205.3
2024-12-01,华北,手机数码,App,1,3699.0,5733.45
2024-11-08,华北,手机数码,网页,3,3709.92,16694.64
2024-06-25,华东,服饰鞋包,App,3,291.04,1091.4
2024-10-08,华北,服饰鞋包,App,5,319.87,2319.06
2024-04-30,华东,服饰鞋包,网页,4,230.17,1058.78
2024-06-17,华南,手机数码,App,5,3722.64,23266.5
2024-07-14,华东,服饰鞋包,App,5,240.77,1565.01
2024-12-17,西南,服饰鞋包,App,3,264.86,1231.6
2024-11-06,东北,服饰鞋包,线下门店,4,252.93,1517.58
2024-06-28,华东,食品生鲜,App,1,45.18,56.48
2024-08-26,华东,食品生鲜,App,3,62.23,252.03
2024-03-15,华东,服饰鞋包,App,1,292.18,321.4
2024-10-21,华南,食品生鲜,App,4,50.24,291.39
2024-07-21,华东,服饰鞋包,App,5,316.12,2054.78
2024-07-13,,服饰鞋包,App,4,263.95,1372.54
2024-10-07,华南,服饰鞋包,App,5,218.17,1581.73
2024-08-19,西南,手机数码,小程序,2,3433.52,9270.5
2024-01-27,华南,家用电器,线下门店,5,1522.73,7613.65
2024-04-15,东北,服饰鞋包,App,3,203.26,701.25
2024-03-05,华东,图书文娱,App,4,49.17,216.35
2024-09-25,华北,食品生鲜,线下门店,4,48.32,270.59
2024-01-13,华北,手机数码,线下门店,4,2569.95,10279.8
2024-03-15,东北,服饰鞋包,网页,2,291.19,640.62
2024-08-06,华南,家用电器,App,4,1399.68,7558.27
2024-09-11,西南,食品生鲜,小程序,4,69.29,388.02
2024-07-03,华东,食品生鲜,App,5,68.88,447.72
2024-11-11,东北,服饰鞋包,App,3,213.38,960.21
2024-12-02,华北,服饰鞋包,App,3,262.39,1220.11
2024-02-18,华北,家用电器,小程序,3,1436.96,4526.42
2024-12-14,东北,服饰鞋包,App,1,277.23,429.71
2024-08-12,华北,图书文娱,小程序,1,35.17,47.48
2024-08-20,,食品生鲜,App,1,73.33,99.0
2024-02-04,华南,服饰鞋包,App,4,222.0,932.4
2024-08-15,华东,家用电器,网页,3,1964.61,7956.67
2024-09-22,华北,手机数码,线下门店,5,2605.27,18236.89
2024-07-31,华东,手机数码,App,4,2735.35,14223.82
2024-01-31,华东,手机数码,小程序,1,3121.52,3121.52
2024-07-10,西南,家用电器,App,1,1865.79,2425.53
2024-12-08,华南,图书文娱,App,2,56.22,174.28
2024-09-21,华北,服饰鞋包,网页,5,198.37,1388.59
2024-02-20,华北,家用电器,App,1,,1417.79
2024-12-17,华北,手机数码,小程序,1,2960.59,4588.91
2024-12-16,华南,家用电器,小程序,1,1679.54,2603.29
2024-03-02,东北,食品生鲜,App,3,71.52,236.02
2024-10-20,东北,家用电器,App,5,2171.32,15742.07
2024-05-28,华北,食品生鲜,App,4,71.42,342.82
2024-08-05,华北,食品生鲜,线下门店,3,49.3,199.66
2024-06-11,华北,手机数码,小程序,1,3059.37,3824.21
2024-10-13,华南,服饰鞋包,App,2,291.97,846.71
2024-12-30,华北,图书文娱,App,3,40.78,189.63
2024-10-18,华南,服饰鞋包,小程序,2,281.22,815.54
2024-12-06,华南,手机数码,App,4,2779.43,17232.47
2024-12-12,华北,图书文娱,小程序,5,41.03,317.98
2024-02-02,华北,图书文娱,网页,2,53.11,111.53
2024-04-02,华北,服饰鞋包,小程序,2,227.57,523.41
2024-09-21,华东,服饰鞋包,App,1,320.36,448.5
2024-08-03,华东,手机数码,App,4,2890.02,15606.11
2024-01-19,华南,食品生鲜,App,3,45.71,137.13
2024-02-04,华北,服饰鞋包,小程序,2,228.14,479.09
2024-07-09,华东,手机数码,线下门店,2,2673.93,6952.22
2024-08-13,华南,食品生鲜,App,1,60.2,81.27
2024-03-02,,图书文娱,小程序,3,36.29,119.76
2024-03-03,华东,食品生鲜,网页,4,63.78,280.63
2024-02-17,西南,家用电器,App,2,2137.41,4488.56
2024-07-25,东北,手机数码,App,1,2980.03,3874.04
2024-01-03,华南,图书文娱,App,3,37.54,112.62
2024-07-28,华南,图书文娱,网页,4,42.75,222.3
2024-06-23,华东,服饰鞋包,小程序,2,297.18,742.95
2024-06-19,东北,服饰鞋包,网页,2,271.89,679.72
2024-09-05,华北,服饰鞋包,线下门店,1,208.15,291.41
2024-07-10,东北,服饰鞋包,网页,4,264.83,1377.12
2024-09-23,华南,手机数码,线下门店,5,3148.94,22042.58
2024-10-06,华东,手机数码,网页,4,2923.38,16955.6
2024-12-02,华东,家用电器,线下门店,3,1449.14,6738.5
2024-10-19,华南,食品生鲜,网页,4,74.43,431.69
2024-07-08,华南,手机数码,网页,2,2681.67,6972.34
2024-06-29,华东,家用电器,网页,1,1523.47,1904.34
2024-03-27,华南,服饰鞋包,线下门店,2,213.93,470.65
2024-08-07,西南,手机数码,小程序,4,3312.31,17886.47
2024-02-20,华北,手机数码,小程序,4,3109.87,13061.45
2024-12-06,华北,服饰鞋包,小程序,5,227.44,1762.66
2024-11-05,华东,家用电器,线下门店,5,1736.48,13023.6
2024-02-13,西南,服饰鞋包,小程序,2,282.56,593.38
2024-10-14,华北,图书文娱,网页,1,40.09,58.13
2024-02-12,西南,手机数码,网页,2,3864.39,8115.22
2024-09-20,华北,图书文娱,线下门店,5,40.64,284.48
2024-02-02,华南,图书文娱,App,5,38.21,200.6
2024-06-27,华东,食品生鲜,网页,1,73.64,92.05
2024-08-28,华东,服饰鞋包,网页,1,300.37,405.5
2024-09-23,西南,服饰鞋包,线下门店,3,239.61,1006.36
2024-06-02,华北,服饰鞋包,线下门店,4,304.39,1521.95
2024-12-03,,食品生鲜,小程序,5,60.56,469.34
2024-10-10,东北,手机数码,小程序,4,2954.8,17137.84
2024-03-17,东北,图书文娱,App,2,52.64,115.81
2024-09-02,西南,服饰鞋包,线下门店,1,292.78,409.89
2024-09-24,华东,食品生鲜,App,4,53.94,302.06
2024-05-02,华南,家用电器,网页,3,1896.01,6825.64
2024-09-27,西南,手机数码,网页,5,2991.02,20937.14
2024-11-24,华北,服饰鞋包,小程序,3,195.14,878.13
2024-10-26,华东,服饰鞋包,App,3,320.04,1392.17
2024-10-06,西南,服饰鞋包,App,2,266.45,772.7
2024-08-20,华北,家用电器,线下门店,1,1888.59,2549.6
2024-04-09,华南,家用电器,小程序,5,1889.9,10866.92
2024-10-18,东北,服饰鞋包,App,5,266.58,1932.7
2024-05-13,华南,家用电器,网页,1,1611.04,1933.25
2024-07-13,华北,图书文娱,App,4,55.61,289.17
2024-04-25,华北,手机数码,线下门店,2,3394.67,7807.74
2024-04-24,华北,家用电器,App,3,1953.83,6740.71
2024-02-27,华东,家用电器,App,5,1759.31,9236.38
2024-12-17,西南,服饰鞋包,App,5,232.42,1801.26
2024-02-24,西南,服饰鞋包,小程序,1,203.37,213.54
2024-02-01,华东,服饰鞋包,小程序,2,240.53,505.11
2024-12-08,华北,图书文娱,网页,5,37.71,292.25
2024-07-22,西南,家用电器,小程序,5,1945.88,12648.22
2024-06-09,华东,食品生鲜,App,1,71.37,89.21
2024-09-26,华南,手机数码,App,5,2884.41,20190.87
2024-05-20,华北,家用电器,App,3,1649.59,5938.52
2024-02-16,华南,服饰鞋包,线下门店,3,282.15,888.77
2024-09-24,华东,手机数码,App,1,2638.83,3694.36
2024-03-05,华南,服饰鞋包,线下门店,4,315.83,1389.65
2024-07-21,华北,食品生鲜,App,4,55.92,290.78
2024-12-13,华南,食品生鲜,App,4,48.04,297.85
2024-12-08,华东,服饰鞋包,App,4,217.71,1349.8
2024-05-12,华北,服饰鞋包,App,5,316.26,1897.56
2024-10-12,华南,家用电器,网页,5,1572.41,11399.97
2024-08-12,华东,手机数码,小程序,4,3459.63,18682.0
2024-06-24,华东,手机数码,App,5,2649.86,16561.62
2024-02-21,华东,食品生鲜,网页,4,50.82,213.44
2024-05-17,华北,图书文娱,小程序,4,53.53,256.94
2024-08-26,华东,手机数码,线下门店,3,2636.85,10679.24
2024-12-27,东北,服饰鞋包,线下门店,4,197.44,1224.13
2024-01-02,华北,食品生鲜,网页,1,60.04,60.04
2024-09-19,西南,食品生鲜,网页,3,70.88,297.7
2024-11-05,东北,服饰鞋包,网页,3,237.38,1068.21
2024-12-14,华东,服饰鞋包,小程序,5,211.66,1640.36
2024-06-04,华南,食品生鲜,网页,1,74.47,93.09
2024-02-13,西南,图书文娱,App,4,48.98,205.72
2024-04-09,华南,手机数码,网页,1,3761.11,4325.28
2024-11-07,,图书文娱,线下门店,5,50.67,380.02
2024-11-17,华北,手机数码,App,5,3517.19,26378.93
2024-08-21,华东,食品生鲜,网页,2,56.54,152.66
2024-02-14,华南,手机数码,线下门店,5,2918.94,15324.44
2024-02-14,东北,手机数码,App,3,3547.13,11173.46
2024-06-24,东北,手机数码,小程序,5,3546.74,22167.12
2024-08-03,华东,服饰鞋包,线下门店,4,318.58,1720.33
2024-01-12,华南,家用电器,线下门店,1,1861.79,1861.79
2024-09-08,华北,手机数码,App,2,2871.39,8039.89
2024-07-18,东北,服饰鞋包,App,3,258.64,1008.7
2024-01-05,华东,服饰鞋包,网页,2,274.78,549.56
2024-02-05,东北,食品生鲜,App,1,57.8,60.69
2024-06-15,西南,图书文娱,App,5,51.55,322.19
2024-09-21,华东,食品生鲜,App,5,62.54,437.78
2024-10-29,华东,手机数码,App,3,2415.1,10505.68
2024-06-06,西南,家用电器,小程序,2,1862.86,4657.15
2024-04-18,华东,图书文娱,网页,1,48.01,55.21
2024-12-20,华南,手机数码,小程序,5,3864.42,29949.25
2024-06-16,东北,服饰鞋包,网页,2,248.78,621.95
2024-04-25,华南,图书文娱,小程序,1,46.68,53.68
2024-06-10,华北,图书文娱,App,2,44.44,111.1
2024-01-05,华北,服饰鞋包,App,3,264.12,792.36
2024-04-20,华东,食品生鲜,App,4,47.02,216.29
2024-07-07,东北,服饰鞋包,App,2,311.65,810.29
2024-12-02,华北,食品生鲜,App,5,72.31,560.4
2024-09-27,华东,手机数码,App,4,3276.9,18350.64
2024-10-12,华东,手机数码,App,5,3290.49,23856.05
2024-07-18,东北,服饰鞋包,网页,2,202.48,526.45
2024-02-10,华东,家用电器,小程序,4,1888.16,7930.27
2024-05-23,西南,食品生鲜,线下门店,2,57.87,138.89
2024-12-30,华南,家用电器,网页,4,1988.14,12326.47
2024-01-17,西南,图书文娱,小程序,4,34.81,139.24
2024-11-17,东北,食品生鲜,App,2,66.33,198.99
2024-09-07,西南,服饰鞋包,小程序,5,232.3,1626.1
2024-04-13,东北,食品生鲜,App,5,64.55,371.16
2024-10-11,华东,家用电器,小程序,5,1914.41,13879.47
2024-11-02,西南,服饰鞋包,App,2,224.49,673.47
2024-01-16,华南,手机数码,小程序,4,3104.72,12418.88
2024-02-08,华南,图书文娱,App,1,52.55,55.18
2024-08-31,西南,食品生鲜,网页,1,63.17,85.28
2024-12-31,东北,图书文娱,网页,5,35.3,273.58
2024-01-09,华南,图书文娱,网页,1,43.72,43.72
2024-08-31,华北,图书文娱,小程序,5,40.76,275.13
2024-02-19,华北,家用电器,小程序,3,1927.48,6071.56
2024-08-25,华北,图书文娱,App,2,47.58,128.47
2024-08-16,华北,服饰鞋包,网页,1,196.35,265.07
2024-02-03,华北,服饰鞋包,小程序,4,274.0,1150.8
2024-09-06,华东,服饰鞋包,App,4,290.53,1626.97
2024-11-24,华东,家用电器,App,3,2041.86,9188.37
2024-11-12,西南,家用电器,线下门店,5,1403.08,10523.1
2024-01-11,华北,家用电器,小程序,2,1623.29,3246.58
2024-03-31,东北,手机数码,小程序,3,3074.04,10144.33
2024-03-29,华南,服饰鞋包,小程序,2,218.37,480.41
2024-06-14,华东,图书文娱,小程序,3,43.22,162.07
2024-02-22,华东,服饰鞋包,小程序,1,204.25,214.46
2024-11-08,华东,服饰鞋包,App,3,209.72,943.74
2024-10-11,东北,服饰鞋包,小程序,3,281.93,1226.4
2024-10-22,华东,服饰鞋包,网页,3,229.13,996.72
2024-03-13,华北,手机数码,App,3,3538.25,11676.22
2024-01-06,东北,食品生鲜,网页,4,46.44,185.76
2024-11-29,东北,手机数码,App,3,3300.32,14851.44
2024-04-15,华东,食品生鲜,网页,2,56.74,130.5
2024-08-28,华东,食品生鲜,小程序,2,68.91,186.06
2024-11-28,华东,服饰鞋包,网页,4,296.91,1781.46
2024-01-14,,图书文娱,小程序,5,42.2,211.0
2024-01-03,华东,家用电器,线下门店,4,1910.44,7641.76
2024-01-02,华南,图书文娱,小程序,4,38.87,155.48
2024-02-27,东北,食品生鲜,网页,5,62.41,327.65
2024-01-19,华南,食品生鲜,网页,5,47.44,237.2
2024-10-27,华南,食品生鲜,App,3,58.04,252.47
2024-08-09,华东,食品生鲜,App,1,50.48,68.15
2024-12-24,西南,图书文娱,小程序,4,53.63,332.51
2024-10-20,华南,服饰鞋包,App,4,252.84,1466.47
2024-12-18,西南,食品生鲜,App,2,62.72,194.43
2024-03-28,东北,食品生鲜,App,5,55.81,306.96
2024-04-15,华北,服饰鞋包,小程序,5,232.54,1337.1
2024-11-06,华东,图书文娱,App,2,38.32,114.96
2024-03-30,华东,家用电器,网页,3,2170.68,7163.24
2024-01-21,华北,服饰鞋包,小程序,1,298.93,298.93
2024-09-01,东北,手机数码,网页,1,2613.22,3658.51
2024-10-20,华北,家用电器,App,2,2022.05,5863.94
2024-12-20,西南,食品生鲜,小程序,2,57.56,178.44
2024-12-05,华南,家用电器,App,2,1363.86,4227.97
2024-02-14,华东,家用电器,网页,1,1825.53,1916.81
2024-10-09,华北,家用电器,App,3,1467.04,6381.62
2024-11-05,华南,服饰鞋包,线下门店,4,222.29,1333.74
2024-09-12,华南,食品生鲜,App,2,65.88,184.46
2024-10-27,华北,图书文娱,小程序,3,39.54,172.0
2024-11-02,华东,手机数码,App,2,3827.02,11481.06
2024-06-12,华南,服饰鞋包,小程序,4,280.43,1402.15
2024-01-15,华东,服饰鞋包,小程序,4,303.2,1212.8
2024-06-15,东北,服饰鞋包,App,5,,1718.56
2024-03-14,华东,服饰鞋包,App,1,307.95,338.74
2024-02-11,华东,家用电器,App,5,1675.52,8796.48
2024-02-15,华北,服饰鞋包,App,2,266.39,559.42
2024-09-12,华北,服饰鞋包,线下门店,1,262.07,366.9
2024-07-03,华北,服饰鞋包,小程序,4,312.49,1624.95
2024-07-16,华北,服饰鞋包,App,1,216.44,281.37
2024-09-29,东北,食品生鲜,线下门店,1,62.34,87.28
2024-07-19,华北,食品生鲜,App,5,67.63,439.6
2024-08-18,华北,家用电器,小程序,2,1683.04,4544.21
2024-02-01,华北,食品生鲜,网页,3,71.03,223.74
2024-11-07,华东,图书文娱,线下门店,2,42.14,126.42
2024-06-13,华南,手机数码,网页,1,2677.29,3346.61
2024-02-26,华东,服饰鞋包,小程序,1,270.93,284.48
2024-10-24,华南,家用电器,线下门店,1,1728.51,2506.34
2024-09-25,华东,食品生鲜,App,3,45.46,190.93
2024-01-20,东北,家用电器,线下门店,3,1412.85,4238.55
2024-03-11,华北,食品生鲜,网页,1,50.86,55.95
2024-01-06,西南,家用电器,线下门店,2,2042.4,4084.8
2024-04-09,华北,服饰鞋包,App,2,310.97,715.23
2024-02-06,华东,图书文娱,App,3,46.03,144.99
2024-09-16,西南,家用电器,网页,5,1445.01,10115.07
2024-07-10,华南,图书文娱,小程序,4,45.77,238.0
2024-12-24,西南,图书文娱,小程序,5,53.0,410.75
2024-10-01,华北,图书文娱,线下门店,1,50.61,73.38
2024-08-11,华南,手机数码,小程序,2,2865.76,7737.55
2024-07-05,西南,食品生鲜,App,4,48.72,253.34
2024-01-20,华南,手机数码,小程序,2,3841.09,7682.18
2024-01-26,华北,家用电器,App,5,2118.68,10593.4
2024-08-13,华南,图书文娱,App,3,34.96,141.59
2024-01-02,华南,食品生鲜,App,2,69.71,139.42
2024-01-16,东北,服饰鞋包,网页,5,207.64,1038.2
2024-03-21,华北,家用电器,网页,3,1406.96,4642.97
2024-11-19,华北,食品生鲜,小程序,5,67.76,508.2
2024-06-16,西南,食品生鲜,App,3,61.09,229.09
2024-09-16,华北,服饰鞋包,网页,1,248.89,348.45
2024-05-30,华南,图书文娱,网页,4,54.09,259.63
2024-03-04,华北,家用电器,线下门店,1,2105.37,2315.91
2024-05-15,华东,手机数码,小程序,4,2492.2,11962.56
2024-02-03,,服饰鞋包,网页,3,275.09,866.53
2024-10-08,华东,图书文娱,小程序,4,51.13,296.55
2024-03-08,华东,家用电器,小程序,5,1845.44,10149.92
2024-05-17,华南,家用电器,线下门店,3,2234.7,8044.92
2024-12-24,华南,手机数码,App,5,3497.68,27107.02
2024-08-04,西南,图书文娱,App,1,36.09,48.72
2024-06-16,华东,家用电器,App,1,1528.47,1910.59
2024-07-17,华东,服饰鞋包,小程序,5,302.41,1965.67
2024-10-13,东北,图书文娱,小程序,3,56.18,244.38
2024-04-03,华东,手机数码,网页,3,2557.34,8822.82
2024-08-20,华东,服饰鞋包,小程序,1,208.04,280.85
2024-11-15,华东,服饰鞋包,App,2,294.24,882.72
2024-07-28,华南,食品生鲜,线下门店,4,46.93,244.04
2024-06-12,西南,家用电器,App,5,1411.7,8823.12
2024-02-23,西南,服饰鞋包,线下门店,5,310.55,1630.39
2024-03-31,华南,手机数码,App,3,3680.72,12146.38
2024-12-12,华东,食品生鲜,小程序,3,71.45,332.24
2024-07-17,华北,食品生鲜,小程序,1,64.52,83.88
2024-04-20,华北,手机数码,网页,1,2916.06,3353.47
2024-06-02,华东,家用电器,App,3,2165.68,8121.3
2024-07-30,华东,图书文娱,线下门店,3,40.47,157.83
2024-07-15,华北,手机数码,小程序,1,2840.82,3693.07
2024-09-13,华东,家用电器,小程序,3,2147.76,9020.59
2024-04-04,华南,服饰鞋包,小程序,4,283.51,1304.15
2024-08-25,,家用电器,App,5,2156.1,14553.68
2024-06-11,华东,家用电器,小程序,5,1490.31,9314.44
2024-12-10,华北,服饰鞋包,App,2,318.8,988.28
2024-02-27,西南,手机数码,App,2,3380.39,7098.82
2024-02-24,华南,服饰鞋包,小程序,5,281.84,1479.66
2024-06-17,西南,食品生鲜,小程序,4,72.42,362.1
2024-07-05,华北,服饰鞋包,App,2,244.5,635.7
2024-09-09,西南,手机数码,App,4,3551.32,19887.39
2024-05-27,华东,食品生鲜,App,1,64.21,77.05
2024-11-30,华北,手机数码,App,3,3660.4,16471.8
2024-06-22,华东,食品生鲜,小程序,2,,179.77
2024-02-17,华北,家用电器,App,5,1962.05,10300.76
2024-02-13,华北,食品生鲜,线下门店,1,47.03,49.38
2024-12-22,华东,手机数码,App,5,2693.02,20870.91
2024-02-19,华南,手机数码,App,2,3926.37,8245.38
2024-12-12,华北,服饰鞋包,线下门店,1,320.92,497.43
2024-04-11,华东,手机数码,App,4,3947.86,18160.16
2024-02-04,华东,家用电器,小程序,4,1383.12,5809.1
2024-04-21,华北,食品生鲜,线下门店,1,56.47,64.94
2024-08-12,华北,食品生鲜,线下门店,1,67.79,91.52
2024-06-05,华北,手机数码,网页,1,3604.62,4505.77
2024-10-14,华东,图书文娱,App,3,35.68,155.21
2024-08-11,西南,食品生鲜,小程序,1,63.28,85.43
2024-05-26,东北,图书文娱,线下门店,4,36.96,177.41
2024-08-20,华北,食品生鲜,线下门店,1,59.8,80.73
2024-12-21,华南,食品生鲜,App,4,52.19,323.58
2024-05-30,西南,服饰鞋包,App,5,201.91,1211.46
2024-02-26,东北,食品生鲜,App,4,47.4,199.08
2024-05-29,华南,图书文娱,App,5,54.25,325.5
2024-11-03,西南,手机数码,网页,5,3591.43,26935.72
2024-03-20,东北,家用电器,App,1,2188.64,2407.5
2024-12-13,西南,手机数码,App,2,3151.98,9771.14
2024-08-03,华北,图书文娱,App,4,43.05,232.47
2024-08-08,华东,服饰鞋包,小程序,2,241.59,652.29
2024-04-26,华东,食品生鲜,App,4,63.49,292.05
2024-12-02,华北,食品生鲜,小程序,4,55.55,344.41
2024-01-14,华北,图书文娱,App,5,50.54,252.7
2024-04-19,华北,手机数码,线下门店,2,3682.11,8468.85
2024-06-02,华南,食品生鲜,App,2,71.28,178.2
2024-06-23,华南,图书文娱,小程序,1,39.21,49.01
2024-06-22,西南,手机数码,App,2,3243.24,8108.1
2024-02-24,华东,食品生鲜,App,2,51.7,108.57
2024-03-23,华东,家用电器,App,3,1383.8,4566.54
2024-02-04,西南,服饰鞋包,App,3,287.02,904.11
2024-07-28,西南,服饰鞋包,App,5,266.37,1731.4
2024-05-08,东北,家用电器,小程序,4,2001.53,9607.34
2024-07-26,西南,手机数码,网页,4,2540.2,13209.04
2024-08-03,西南,手机数码,App,1,3992.84,5390.33
2024-09-13,华北,手机数码,小程序,3,3990.96,16762.03
2024-07-19,华北,服饰鞋包,小程序,4,255.45,1328.34
2024-08-25,华东,家用电器,App,2,2129.45,5749.52
2024-08-02,华南,手机数码,App,3,2789.71,11298.33
2024-08-26,东北,食品生鲜,App,4,67.13,362.5
2024-08-13,华北,食品生鲜,App,4,71.38,385.45
2024-04-25,华南,服饰鞋包,小程序,5,300.91,1730.23
2024-03-31,华东,图书文娱,线下门店,3,52.01,171.63
2024-10-15,华东,家用电器,线下门店,2,1766.72,5123.49
2024-05-05,华东,食品生鲜,线下门店,2,69.6,167.04
2024-07-19,华东,手机数码,小程序,4,3505.13,18226.68
2024-03-13,东北,食品生鲜,App,3,48.97,161.6
2024-06-06,华北,图书文娱,App,3,36.32,136.2
2024-07-12,西南,食品生鲜,App,1,68.16,88.61
2024-08-17,华南,服饰鞋包,App,3,276.31,1119.06
2024-07-11,华东,服饰鞋包,App,2,262.52,682.55
2024-05-12,华东,家用电器,小程序,3,2166.54,7799.54
2024-12-18,西南,食品生鲜,App,5,64.79,502.12
2024-07-06,华东,食品生鲜,App,4,56.88,295.78
2024-10-22,东北,图书文娱,网页,3,,187.31
2024-09-26,华东,服饰鞋包,App,5,273.68,1915.76
2024-07-23,华南,手机数码,线下门店,5,3616.44,23506.86
2024-11-20,西南,服饰鞋包,App,3,268.37,1207.66
2024-02-16,华东,手机数码,小程序,4,3214.02,13498.88
2024-12-03,华东,家用电器,App,2,2004.21,6213.05
2024-11-07,东北,家用电器,小程序,5,1984.74,14885.55
2024-07-03,华东,食品生鲜,App,2,69.91,181.77
2024-09-25,华北,手机数码,App,2,2500.08,7000.22
2024-07-09,华北,手机数码,小程序,1,3607.92,4690.3
2024-04-08,华东,手机数码,App,5,3222.02,18526.61
2024-10-19,西南,图书文娱,App,2,35.43,102.75
2024-03-31,西南,食品生鲜,线下门店,5,65.37,359.54
2024-04-25,华北,手机数码,App,1,3546.46,4078.43
2024-07-09,西南,手机数码,小程序,3,3237.8,12627.42
2024-11-02,华东,服饰鞋包,小程序,3,298.19,1341.86
2024-05-20,华东,家用电器,App,3,1620.22,5832.79
2024-06-29,,服饰鞋包,小程序,1,221.25,276.56
2024-01-16,东北,服饰鞋包,App,1,240.6,240.6
2024-02-12,华东,图书文娱,网页,2,42.98,90.26
2024-01-21,华东,家用电器,App,3,1976.34,5929.02
2024-01-27,华北,食品生鲜,App,4,70.37,281.48
2024-11-13,西南,手机数码,App,3,3553.47,15990.62
2024-11-04,华东,图书文娱,线下门店,2,37.66,112.98
2024-10-27,,图书文娱,网页,2,41.99,121.77
2024-01-21,华南,食品生鲜,线下门店,4,49.75,199.0
2024-01-29,华北,服饰鞋包,网页,3,284.27,852.81
2024-04-12,华东,手机数码,网页,5,2797.08,16083.21
2024-07-25,华东,食品生鲜,小程序,3,60.76,236.96
2024-05-02,华北,食品生鲜,线下门店,3,68.75,247.5
2024-06-27,华北,家用电器,小程序,1,1953.85,2442.31
2024-03-04,西南,服饰鞋包,App,1,233.79,257.17
2024-09-24,华南,服饰鞋包,小程序,5,238.27,1667.89
2024-04-24,华南,食品生鲜,小程序,2,64.6,148.58
2024-01-25,东北,食品生鲜,App,3,61.48,184.44
2024-09-28,华北,服饰鞋包,App,3,207.53,871.63
2024-11-26,华北,服饰鞋包,App,1,308.62,462.93
2024-01-06,东北,家用电器,网页,3,1811.35,5434.05
2024-06-08,华东,家用电器,App,2,1776.02,4440.05
2024-10-29,华南,手机数码,网页,1,2717.5,3940.38
2024-09-15,华南,食品生鲜,小程序,3,,236.5
2024-11-09,华东,服饰鞋包,网页,3,238.27,1072.22
2024-05-31,华北,服饰鞋包,App,1,230.2,276.24
2024-05-16,华东,家用电器,线下门店,3,1860.67,6698.41
2024-09-16,华东,手机数码,小程序,4,3139.64,17581.98
2024-02-26,华北,服饰鞋包,App,2,310.6,652.26
2024-03-28,华东,家用电器,App,5,2197.21,12084.66
2024-08-07,西南,手机数码,App,4,2751.16,14856.26
2024-09-01,东北,食品生鲜,App,4,48.0,268.8
2024-02-13,西南,家用电器,网页,1,2056.8,2159.64
2024-07-05,华东,家用电器,线下门店,4,2245.38,11675.98
2024-05-13,华东,服饰鞋包,网页,2,307.27,737.45
2024-07-02,华东,食品生鲜,小程序,4,45.71,237.69
2024-12-16,华东,家用电器,小程序,5,1576.14,12215.08
2024-01-29,东北,食品生鲜,网页,2,46.3,92.6
2024-12-30,华北,图书文娱,网页,2,52.22,161.88
2024-06-13,华东,食品生鲜,App,1,62.44,78.05
2024-10-09,西南,服饰鞋包,线下门店,4,261.78,1518.32
2024-06-04,华北,食品生鲜,App,4,61.63,308.15
2024-04-23,华东,服饰鞋包,网页,3,227.82,785.98
2024-10-09,华东,服饰鞋包,线下门店,1,273.21,396.15
2024-09-08,华南,服饰鞋包,网页,2,198.99,557.17
2024-02-22,西南,家用电器,App,3,1931.41,6083.94
2024-09-15,华东,手机数码,小程序,5,3575.09,25025.63
2024-10-02,东北,服饰鞋包,App,1,282.49,409.61
2024-05-21,西南,手机数码,网页,2,2931.39,7035.34
2024-12-04,西南,服饰鞋包,App,4,302.41,1874.94
2024-08-22,华东,服饰鞋包,网页,2,288.02,777.65
2024-05-02,华东,图书文娱,线下门店,5,36.64,219.84
2024-01-04,西南,手机数码,App,5,2712.23,13561.15
2024-09-04,华北,服饰鞋包,App,2,277.82,777.9
2024-03-17,华南,服饰鞋包,小程序,4,232.62,1023.53
2024-10-03,华南,手机数码,小程序,4,2591.09,15028.32
2024-07-11,华东,家用电器,App,4,1489.47,7745.24
2024-06-19,西南,手机数码,App,1,2664.99,3331.24
2024-02-29,东北,手机数码,小程序,1,3164.47,3322.69
2024-09-17,华南,家用电器,小程序,2,1896.65,5310.62
2024-03-01,华北,服饰鞋包,小程序,1,217.93,239.72
2024-06-01,西南,服饰鞋包,App,2,287.62,719.05
2024-11-02,华南,手机数码,小程序,4,2849.62,17097.72
2024-12-02,华南,手机数码,App,3,2898.49,13477.98
2024-12-28,西南,手机数码,App,2,2757.6,8548.56
2024-12-16,华南,服饰鞋包,网页,1,297.08,460.47
2024-07-22,华东,家用电器,App,2,2213.83,5755.96
2024-03-14,华东,服饰鞋包,小程序,3,259.02,854.77
2024-11-03,华东,家用电器,线下门店,4,1387.83,8326.98
2024-10-20,华北,手机数码,小程序,2,2816.91,8169.04
2024-12-28,华北,图书文娱,小程序,2,37.31,115.66
2024-08-26,华南,手机数码,App,3,3748.42,15181.1
2024-02-21,华北,手机数码,App,1,2535.77,2662.56
2024-07-03,西南,手机数码,App,2,3946.36,10260.54
2024-06-13,东北,图书文娱,网页,1,46.99,58.74
2024-11-04,华东,服饰鞋包,网页,3,262.31,1180.4
2024-05-23,华南,服饰鞋包,App,3,305.16,1098.58
2024-04-30,华南,图书文娱,App,3,34.37,118.58
2024-01-30,华南,手机数码,App,4,3643.44,14573.76
2024-11-01,华东,图书文娱,小程序,2,36.37,109.11
2024-10-03,西南,手机数码,小程序,5,3745.24,27152.99
2024-01-16,东北,服饰鞋包,网页,5,263.79,-99.0
2024-06-07,华南,服饰鞋包,线下门店,1,202.95,253.69
2024-06-24,东北,家用电器,App,5,2099.92,13124.5
2024-06-20,东北,图书文娱,网页,1,34.36,42.95
2024-12-02,华北,手机数码,小程序,2,2621.39,8126.31
2024-02-25,华南,图书文娱,App,3,51.7,162.86
2024-04-22,,家用电器,线下门店,1,1768.38,2033.64
2024-03-07,东北,服饰鞋包,App,2,309.58,681.08
2024-03-30,华东,图书文娱,网页,1,48.05,52.86
2024-11-27,华北,手机数码,网页,3,3397.65,15289.42
2024-12-10,西南,图书文娱,线下门店,5,40.33,312.56
2024-01-17,华东,服饰鞋包,小程序,5,212.38,1061.9
2024-08-19,西南,食品生鲜,App,2,73.84,199.37
2024-03-26,华北,手机数码,网页,3,2567.68,8473.34
2024-03-11,东北,服饰鞋包,网页,3,263.77,870.44
2024-04-16,西南,食品生鲜,小程序,3,53.18,183.47
2024-03-12,华北,服饰鞋包,网页,4,229.34,1009.1
2024-06-28,西南,手机数码,App,5,3351.34,20945.88
2024-12-30,华北,家用电器,小程序,3,2068.14,9616.85
2024-08-02,华南,图书文娱,线下门店,1,51.24,69.17
2024-09-21,华南,手机数码,App,5,3790.08,26530.56
2024-06-29,西南,食品生鲜,小程序,5,53.79,336.19
2024-01-06,华东,图书文娱,线下门店,2,44.23,88.46
2024-01-31,华东,手机数码,网页,3,2414.94,7244.82
2024-04-08,华南,手机数码,线下门店,5,3594.97,20671.08
2024-03-30,华南,食品生鲜,App,3,54.07,178.43
2024-11-03,华北,手机数码,线下门店,3,3298.39,14842.76
2024-11-04,华东,服饰鞋包,App,5,217.01,1627.57
2024-11-08,华北,食品生鲜,小程序,5,69.58,521.85
2024-08-21,西南,服饰鞋包,小程序,3,301.25,1220.06
2024-07-22,华东,家用电器,网页,1,2139.71,2781.62
2024-08-25,华北,食品生鲜,线下门店,3,46.38,187.84
2024-05-28,东北,服饰鞋包,网页,4,324.02,1555.3
2024-09-02,华东,手机数码,小程序,2,2796.45,7830.06
2024-10-17,华南,服饰鞋包,小程序,3,235.23,1023.25
2024-10-06,华东,图书文娱,小程序,4,39.36,228.29
2024-08-12,西南,食品生鲜,小程序,1,53.03,71.59
2024-01-22,华南,服饰鞋包,App,3,266.85,800.55
2024-09-22,西南,家用电器,小程序,4,1565.83,8768.65
2024-05-14,华东,手机数码,线下门店,2,3030.03,7272.07
2024-09-29,华南,家用电器,网页,3,1940.05,8148.21
2024-07-16,西南,手机数码,网页,4,3737.64,19435.73
2024-11-18,华东,图书文娱,App,1,49.34,74.01
2024-05-03,华东,家用电器,小程序,4,1884.89,9047.47
2024-12-06,华东,食品生鲜,App,2,49.43,153.23
2024-11-05,东北,手机数码,App,2,3705.78,11117.34
2024-05-01,华南,家用电器,小程序,4,1383.55,6641.04
2024-06-25,华南,服饰鞋包,App,1,229.34,286.68
2024-07-13,华南,家用电器,App,1,1401.35,1821.76
2024-10-08,华南,食品生鲜,网页,3,65.02,282.84
2024-09-09,华北,图书文娱,小程序,5,42.04,294.28
2024-11-07,华北,图书文娱,小程序,1,48.42,72.63
2024-05-15,华南,手机数码,App,4,2955.25,14185.2
2024-07-03,华东,食品生鲜,小程序,1,58.67,76.27
2024-06-06,西南,手机数码,小程序,3,3132.74,11747.78
2024-11-28,西南,图书文娱,小程序,3,34.78,156.51
2024-04-21,华北,服饰鞋包,小程序,3,250.93,865.71
2024-08-02,华南,家用电器,App,1,1926.96,2601.4
2024-02-13,华东,手机数码,线下门店,4,3273.68,13749.46
2024-11-07,东北,手机数码,App,2,2520.45,7561.35
2024-05-20,东北,家用电器,小程序,4,1951.25,9366.0
2024-05-04,东北,图书文娱,App,4,40.7,195.36
2024-08-01,华北,食品生鲜,小程序,3,45.43,183.99
2024-07-01,华东,图书文娱,App,2,37.25,96.85
2024-11-06,,手机数码,线下门店,4,3196.1,19176.6
2024-07-13,华东,服饰鞋包,App,5,235.35,1529.78
2024-07-08,华东,家用电器,小程序,5,1974.94,12837.11
2024-02-08,华东,服饰鞋包,App,5,226.28,1187.97
2024-01-09,东北,家用电器,App,2,2045.52,4091.04
2024-05-25,华东,家用电器,小程序,3,1607.83,5788.19
2024-12-31,,服饰鞋包,小程序,2,275.71,854.7
2024-12-01,西南,手机数码,小程序,5,3678.75,28510.31
2024-08-18,华南,服饰鞋包,线下门店,5,245.12,1654.56
2024-08-18,西南,食品生鲜,网页,5,46.4,313.2
2024-05-23,华南,手机数码,线下门店,1,3256.71,3908.05
2024-03-05,西南,图书文娱,App,2,56.15,123.53
2024-01-04,华南,服饰鞋包,网页,4,320.97,1283.88
2024-05-04,华南,食品生鲜,小程序,4,51.63,247.82
2024-04-25,华南,食品生鲜,小程序,2,67.67,155.64
2024-03-11,华北,食品生鲜,线下门店,1,55.35,60.89
2024-04-04,华北,食品生鲜,网页,1,49.81,57.28
2024-01-10,华北,图书文娱,线下门店,4,48.73,194.92
2024-08-10,华东,服饰鞋包,网页,3,260.11,1053.45
2024-12-05,西南,家用电器,App,3,1835.31,8534.19
2024-09-09,华东,手机数码,网页,5,3723.83,26066.81
2024-06-13,华东,服饰鞋包,小程序,1,238.75,298.44
2024-06-02,华东,手机数码,线下门店,4,3467.35,17336.75
2024-04-22,西南,家用电器,网页,2,1679.57,3863.01
2024-02-22,华北,手机数码,App,5,2468.36,12958.89
2024-08-07,华南,服饰鞋包,App,5,244.14,1647.94
2024-07-26,西南,手机数码,App,3,3920.06,15288.23
2024-01-03,华东,服饰鞋包,小程序,2,257.82,515.64
2024-06-01,西南,食品生鲜,App,2,48.25,120.62
2024-04-11,华北,食品生鲜,网页,1,65.63,75.47
2024-03-03,华东,家用电器,小程序,5,2217.04,12193.72
2024-09-14,华南,服饰鞋包,网页,1,313.03,438.24
2024-07-11,东北,服饰鞋包,App,3,269.35,1050.47
2024-08-19,华东,服饰鞋包,小程序,3,243.92,987.88
2024-09-18,华南,食品生鲜,App,4,62.42,349.55
2024-12-25,华东,手机数码,线下门店,5,3705.49,28717.55
2024-10-20,华南,图书文娱,App,3,53.13,231.12
2024-08-15,华南,手机数码,App,4,3710.15,20034.81
2024-04-04,华北,食品生鲜,网页,1,49.81,57.28
2024-09-12,华南,食品生鲜,App,2,65.88,184.46
2024-03-14,华北,手机数码,App,2,2861.59,6295.5
2024-05-25,华东,服饰鞋包,小程序,3,268.43,966.35
2024-09-29,华南,家用电器,App,3,1370.93,5757.91
2024-01-06,华东,图书文娱,线下门店,2,44.23,88.46
